{
  "total_counties": 3235,
  "counties_with_alice_data": "3144",
  "avg_alice_percentage": 29.621304071246822,
  "avg_poverty_percentage": 14.565986005089059,
  "total_households": 130465667.0,
  "data_coverage_percent": 97.1870170015456,
  "projection": "EPSG:4269"
}