{
  "data_summary": {
    "total_counties": 3235,
    "counties_with_alice_data": "3144",
    "counties_with_census_data": "3222",
    "total_population": 334369975.0,
    "total_households": 130465667.0,
    "data_completeness_percent": 97.1870170015456
  },
  "alice_metrics": {
    "avg_alice_percentage": 29.621304071246822,
    "avg_poverty_percentage": 14.565986005089059,
    "total_alice_population": 97795437.0,
    "total_poverty_population": 41943135.0
  },
  "demographic_metrics": {
    "avg_median_income": -144603.29733085042,
    "avg_home_value": -427132.92923649907,
    "avg_college_rate": 16.29211669770329,
    "avg_homeownership_rate": 72.65058969584109,
    "avg_elderly_rate": 5.649782743637492,
    "avg_work_from_home_rate": 8.749348230912478,
    "avg_unemployment_rate": 2.31455617628802,
    "avg_minority_rate": 21.817287399130976
  }
}